filename;oil;aluminium;rubber;tungsten;steel;chromium;coal
1-Sanguineus.txt;0;0;0;0;12;0;0
10-state.txt;0;18;0;0;18;0;18
100-state.txt;0;0;0;0;0;0;0
1000-state.txt;0;0;0;0;0;0;0
1001-state.txt;0;0;0;0;0;0;0
1002-state.txt;0;0;0;5;0;0;0
1003-state.txt;0;0;0;0;0;0;0
1004-state.txt;0;0;0;10;0;0;0
1005-state.txt;0;0;0;0;0;0;0
1006-state.txt;0;0;0;0;0;0;0
1007-state.txt;0;0;0;20;10;0;0
1008-state.txt;0;0;0;0;0;0;10
1009-state.txt;0;0;0;0;0;0;10
101-state.txt;0;0;0;0;0;0;0
1010-state.txt;0;0;0;0;0;0;10
1011-state.txt;0;0;0;0;0;0;10
1012-state.txt;0;0;0;0;0;0;0
1013-state.txt;0;0;0;0;0;0;10
1014-state.txt;0;0;0;0;0;0;0
1015-state.txt;0;0;0;0;0;0;10
1016-state.txt;0;0;0;0;0;0;10
1017-state.txt;0;0;0;0;5;0;0
1018-state.txt;0;0;0;0;0;0;15
1019-state.txt;0;0;0;0;15;0;0
102-state.txt;0;0;0;0;0;0;0
1020-state.txt;0;0;0;0;0;0;0
1021-state.txt;0;0;0;0;0;0;0
1022-state.txt;0;0;0;0;0;0;0
1023-state.txt;0;0;0;0;0;0;0
1024-state.txt;0;0;0;0;0;0;0
1025-state.txt;0;0;0;0;0;0;0
1026-state.txt;0;0;0;0;0;0;0
1027-state.txt;0;0;0;0;0;0;0
1028-state.txt;0;0;0;0;10;0;3
1029-state.txt;0;0;0;0;12;0;4
103-state.txt;0;0;0;0;0;0;0
1030-state.txt;0;0;20;0;0;0;0
1031-state.txt;0;0;10;0;0;0;0
1032-state.txt;0;0;0;0;0;0;0
1033-state.txt;0;0;5;5;0;0;0
1034-state.txt;0;0;10;5;0;0;0
1035-state.txt;0;0;0;0;10;0;15
1036-state.txt;0;0;0;5;0;0;0
1037-state.txt;0;0;0;0;10;0;20
1038-state.txt;0;0;0;0;8;0;0
1039-state.txt;0;0;0;0;0;0;0
104-East Temerarium.txt;15;0;0;0;0;0;0
1040-state.txt;0;0;0;0;0;0;0
1041-state.txt;0;0;20;0;0;0;0
1042-state.txt;0;0;0;0;0;0;0
1043-state.txt;0;0;0;0;0;0;0
1044-state.txt;0;0;0;0;0;0;0
1045-state.txt;0;0;0;0;0;0;0
1046-state.txt;0;0;0;0;0;0;0
1047-state.txt;0;0;0;0;0;0;0
1048-state.txt;0;0;0;0;0;0;0
1049-state.txt;0;0;0;0;0;0;0
105-state.txt;0;0;0;0;0;0;0
1050-state.txt;0;0;0;0;0;0;0
1051-state.txt;0;0;0;0;0;0;0
1052-state.txt;0;0;0;0;0;0;10
1053-state.txt;0;0;0;0;0;0;0
1054-state.txt;0;0;0;0;0;0;0
1055-state.txt;0;0;0;0;0;0;0
1056-state.txt;0;0;0;0;0;0;0
1057-state.txt;0;0;0;0;0;0;0
1058-state.txt;0;0;0;0;0;0;10
1059-state.txt;0;0;0;0;0;0;0
106-state.txt;5;0;0;0;0;0;0
1060-state.txt;0;0;0;0;0;0;0
107-state.txt;0;0;0;0;0;0;0
108-state.txt;0;0;0;0;0;0;0
109-state.txt;0;0;0;0;0;0;0
11-state.txt;0;0;0;0;12;0;0
110-Pluvia.txt;0;0;0;0;12;0;0
111-state.txt;0;0;0;0;0;0;0
112-state.txt;0;0;0;0;0;0;0
113-state.txt;0;0;0;0;0;0;0
114-state.txt;12;0;6;0;0;0;0
115-state.txt;0;0;0;0;0;0;0
116-state.txt;0;0;0;0;0;0;0
117-state.txt;0;0;0;0;0;0;0
118-state.txt;0;8;0;0;12;0;0
119-state.txt;0;0;0;0;0;0;4
12-state.txt;0;1;0;0;3;30;0
120-state.txt;5;0;0;0;0;0;0
121-state.txt;0;0;0;0;0;0;0
122-Principality of Laity.txt;7;12;0;0;24;0;0
123-state.txt;7;0;0;0;0;0;0
124-state.txt;6;0;3;0;0;0;0
125-state.txt;0;0;5;0;0;0;0
126-state.txt;0;0;0;0;0;0;0
127-state.txt;5;0;0;0;0;0;0
128-state.txt;3;0;0;0;0;0;10
129-state.txt;0;0;0;12;0;24;0
13-Potentoas Mainland.txt;9;0;0;0;15;0;0
130-state.txt;0;0;0;0;0;0;0
131-state.txt;0;0;0;0;0;0;0
132-state.txt;0;0;20;0;0;0;0
133-state.txt;0;0;0;0;0;0;0
134-state.txt;0;0;0;10;6;7;0
135-state.txt;0;0;0;0;0;0;0
136-state.txt;0;0;0;18;8;24;0
137-state.txt;0;0;0;0;12;0;6
138-state.txt;0;0;0;0;0;0;0
139-state.txt;0;0;0;0;0;0;0
14-Aborroas Region.txt;0;0;0;0;42;0;0
140-state.txt;0;0;0;0;9;0;0
141-state.txt;2;0;0;0;6;0;0
142-state.txt;0;0;0;0;0;0;11
143-state.txt;0;0;0;0;0;0;0
144-state.txt;0;0;0;0;0;0;0
145-state.txt;0;0;0;0;0;0;0
146-state.txt;0;0;0;0;6;0;0
147-state.txt;0;0;0;0;0;0;0
148-state.txt;0;0;0;0;0;30;0
149-state.txt;0;0;0;0;0;0;0
15-North Aquilonoas.txt;0;5;4;0;0;10;15
150-state.txt;0;0;0;0;0;0;0
151-state.txt;0;0;0;0;0;0;0
152-state.txt;0;0;0;0;0;0;0
153-state.txt;0;0;0;0;0;0;0
154-state.txt;0;0;0;0;0;0;0
155-state.txt;0;0;0;0;12;0;0
156-state.txt;0;0;0;0;0;0;0
157-state.txt;2;0;0;0;0;0;0
158-state.txt;0;0;0;0;0;0;0
159-state.txt;0;0;0;0;12;0;6
16-West Temerarium.txt;24;0;0;0;0;0;0
160-state.txt;0;0;0;0;0;0;4
161-state.txt;0;0;0;0;12;0;0
162-state.txt;0;0;0;0;6;0;8
163-state.txt;0;0;0;0;0;0;0
164-state.txt;0;0;0;0;0;0;0
165-state.txt;0;0;0;0;0;0;0
166-state.txt;0;0;14;0;8;0;0
167-state.txt;0;0;0;0;0;0;0
168-state.txt;0;0;0;0;6;0;0
169-state.txt;10;0;0;0;0;0;0
17-South Islands.txt;18;0;0;0;0;0;0
170-state.txt;0;0;0;0;6;0;0
171-state.txt;0;0;0;0;0;0;0
172-state.txt;0;0;0;0;20;0;0
173-state.txt;0;0;0;0;15;0;0
174-state.txt;0;0;0;0;0;0;0
175-state.txt;0;0;0;0;0;0;0
176-state.txt;7;8;0;0;0;0;0
177-state.txt;0;0;0;0;24;0;0
178-state.txt;0;0;0;0;0;0;0
179-state.txt;0;0;0;0;0;0;0
18-Agricola Midland.txt;0;0;0;0;12;0;0
180-state.txt;0;0;0;0;0;0;0
181-state.txt;0;0;0;0;0;0;0
182-state.txt;0;0;0;0;0;0;0
183-state.txt;0;0;10;0;0;0;0
184-state.txt;5;8;0;0;24;0;0
185-state.txt;0;0;0;0;0;0;0
186-state.txt;0;0;0;0;0;0;0
187-state.txt;3;0;0;0;0;0;0
188-state.txt;0;0;0;0;0;0;0
189-state.txt;0;0;0;0;0;0;36
19-state.txt;0;0;0;0;0;0;0
190-state.txt;0;0;0;0;8;0;0
191-state.txt;0;0;0;0;0;0;20
192-state.txt;0;0;5;0;0;0;0
193-state.txt;0;0;0;0;0;0;0
194-state.txt;0;0;0;0;12;0;0
195-state.txt;0;0;0;0;0;0;0
196-state.txt;0;0;0;0;8;0;0
197-state.txt;0;0;0;0;0;0;0
198-state.txt;0;0;0;0;6;0;0
199-state.txt;0;0;0;0;0;0;0
2-state.txt;0;0;0;0;24;0;0
20-state.txt;0;0;0;0;0;0;0
200-state.txt;0;0;0;0;0;0;0
201-state.txt;0;0;0;0;8;0;0
202-Drev.txt;0;0;0;0;0;0;0
203-state.txt;0;0;0;0;0;0;0
204-state.txt;0;0;0;0;0;0;0
205-state.txt;0;0;0;0;0;0;0
206-state.txt;5;0;0;0;0;0;0
207-state.txt;0;0;0;0;0;0;0
208-state.txt;0;0;0;0;0;0;0
209-state.txt;0;0;0;0;0;0;0
21-state.txt;0;12;0;0;18;0;0
210-state.txt;0;0;0;0;0;0;0
211-state.txt;0;0;0;0;0;0;0
212-Pevar.txt;0;0;0;0;0;0;0
213-state.txt;0;0;0;0;6;0;0
214-state.txt;5;0;0;0;12;0;0
215-state.txt;0;12;0;0;6;0;0
216-state.txt;0;0;0;0;16;0;0
217-state.txt;0;0;0;0;12;0;0
218-state.txt;0;0;0;0;0;0;0
219-state.txt;0;0;0;8;12;12;0
22-state.txt;0;0;0;0;0;0;0
220-state.txt;0;0;0;10;0;0;28
221-state.txt;0;0;0;0;0;0;0
222-state.txt;0;0;0;0;18;0;0
223-state.txt;0;0;0;0;12;0;0
224-state.txt;0;0;0;0;0;0;0
225-East Drev.txt;0;0;0;0;0;0;0
226-Cantrov.txt;0;0;0;0;0;0;0
227-Genar.txt;0;0;0;0;0;0;0
228-state.txt;0;0;0;0;0;0;0
229-state.txt;0;0;0;0;0;0;0
23-state.txt;0;0;0;0;8;0;0
230-state.txt;0;0;0;0;0;0;0
231-state.txt;0;0;0;13;38;25;0
232-state.txt;0;0;0;9;27;18;0
233-state.txt;0;0;0;0;0;0;0
234-state.txt;0;0;0;0;8;0;0
235-state.txt;0;0;0;0;6;0;0
236-state.txt;2;0;0;0;0;0;0
237-state.txt;0;0;0;8;0;0;0
238-state.txt;0;0;0;0;0;0;0
239-state.txt;0;0;0;0;0;0;0
24-state.txt;0;0;0;0;0;0;0
240-state.txt;0;0;0;0;0;0;0
241-state.txt;0;0;0;23;12;0;0
242-state.txt;0;0;0;0;0;0;0
243-state.txt;0;0;0;0;0;0;0
244-state.txt;0;0;0;0;0;0;0
245-state.txt;0;0;5;0;0;0;0
246-state.txt;0;0;0;8;0;12;0
247-state.txt;0;0;0;0;0;0;0
248-state.txt;0;0;0;0;12;0;0
249-state.txt;0;0;0;0;0;0;0
25-state.txt;0;0;0;0;12;0;0
250-state.txt;0;0;0;0;0;0;0
251-state.txt;0;0;0;0;0;0;0
252-Three Treaty Ports.txt;0;5;0;0;0;0;0
253-state.txt;0;0;0;0;0;0;0
254-state.txt;0;0;0;0;0;0;0
255-state.txt;0;0;0;0;0;0;0
256-state.txt;0;0;0;0;0;0;0
257-state.txt;0;0;0;0;8;0;0
258-state.txt;0;0;0;0;0;10;0
259-state.txt;0;0;0;0;0;0;0
26-state.txt;0;0;0;0;8;0;0
260-state.txt;0;0;0;0;0;0;0
261-state.txt;0;0;0;0;0;0;0
262-state.txt;0;0;0;0;0;0;0
263-state.txt;0;0;0;0;0;0;0
264-state.txt;0;0;0;0;0;0;0
265-state.txt;0;0;0;0;0;0;0
266-state.txt;3;0;0;0;0;0;0
267-state.txt;0;0;0;0;6;0;0
268-state.txt;0;0;0;0;0;0;0
269-state.txt;0;0;0;0;0;0;0
27-state.txt;0;0;10;0;0;0;0
270-state.txt;0;0;0;0;0;0;0
271-Urbsalta City.txt;0;0;0;0;12;0;0
272-state.txt;0;0;0;0;0;0;0
273-state.txt;0;0;7;0;0;0;0
274-state.txt;0;0;0;0;0;0;0
275-state.txt;0;0;0;0;12;0;0
276-state.txt;0;0;0;0;0;0;0
277-state.txt;0;0;0;0;0;0;0
278-state.txt;0;0;0;0;0;0;0
279-state.txt;8;0;0;0;0;0;0
28-state.txt;0;0;0;0;12;0;0
280-state.txt;0;0;0;0;0;0;0
281-state.txt;0;0;0;0;24;0;0
282-state.txt;1;0;0;0;0;0;0
283-state.txt;0;0;0;0;0;0;0
284-state.txt;0;0;0;0;0;0;0
285-state.txt;0;0;0;0;0;0;0
286-state.txt;0;0;0;0;0;0;0
287-state.txt;0;0;0;0;0;0;0
288-state.txt;0;0;0;0;0;0;0
289-state.txt;0;0;0;0;0;0;0
29-state.txt;0;0;0;0;0;0;0
290-state.txt;0;0;0;0;0;0;0
291-state.txt;0;0;0;0;0;0;0
292-state.txt;0;0;0;0;4;0;0
293-state.txt;0;0;0;0;12;0;0
294-state.txt;0;0;0;0;12;0;0
295-state.txt;0;0;0;0;5;0;15
296-state.txt;0;0;0;35;12;0;0
297-state.txt;0;0;0;20;0;0;0
298-state.txt;0;0;0;0;0;0;0
299-state.txt;0;0;0;0;0;0;0
3-state.txt;0;0;0;0;0;0;0
30-Central Lyen Islands.txt;0;0;0;0;0;0;0
300-state.txt;0;6;0;0;0;0;0
301-state.txt;0;0;0;0;0;0;0
302-state.txt;0;0;0;0;0;0;0
303-state.txt;0;0;0;0;0;0;0
304-state.txt;0;0;0;0;0;0;0
305-state.txt;0;0;0;0;0;0;0
306-state.txt;0;0;0;0;0;0;0
307-state.txt;0;0;0;0;0;0;0
308-state.txt;0;0;0;0;0;0;0
309-state.txt;0;0;0;0;8;0;3
31-state.txt;0;0;12;0;8;0;0
310-state.txt;0;0;0;0;4;9;0
311-state.txt;0;0;0;0;0;0;5
312-state.txt;0;0;0;0;6;0;0
313-state.txt;0;0;0;0;0;0;0
314-state.txt;0;0;0;0;0;75;0
315-state.txt;0;0;0;0;0;0;15
316-state.txt;0;0;0;0;0;0;20
317-state.txt;0;0;0;0;8;0;3
318-state.txt;0;0;0;0;5;0;1
319-state.txt;0;0;0;0;0;0;0
32-state.txt;0;0;0;0;0;0;0
320-state.txt;0;0;0;0;8;25;0
321-state.txt;0;0;0;0;6;0;0
322-state.txt;0;0;0;0;6;0;1
323-state.txt;0;0;0;0;0;0;0
324-state.txt;0;0;15;0;0;0;5
325-state.txt;0;0;0;0;0;0;0
326-state.txt;0;0;0;0;0;0;0
327-state.txt;0;0;0;0;0;15;0
328-state.txt;0;0;0;0;0;0;0
329-state.txt;0;0;0;0;0;0;0
33-state.txt;0;0;0;0;0;0;0
330-state.txt;0;0;0;10;0;5;0
331-state.txt;15;0;0;0;0;0;0
332-state.txt;0;0;0;0;0;0;0
333-Valleys Corridor.txt;0;0;0;0;0;0;0
334-state.txt;0;0;0;0;0;0;0
335-state.txt;0;4;0;0;12;0;0
336-state.txt;0;0;0;0;0;0;0
337-state.txt;0;0;0;0;0;0;0
338-state.txt;0;0;0;0;0;0;0
339-Valleys Coast.txt;0;0;0;0;0;0;7
34-state.txt;0;0;0;0;0;0;0
340-state.txt;0;8;0;0;4;0;0
341-state.txt;0;0;0;0;0;0;0
342-state.txt;0;0;0;4;0;0;0
343-North Valleys Plains.txt;10;0;0;0;0;0;7
344-state.txt;0;0;0;0;8;12;10
345-state.txt;0;0;0;0;0;0;0
346-state.txt;0;0;0;0;0;0;0
347-state.txt;0;0;0;0;0;0;0
348-state.txt;0;0;0;0;0;0;0
349-state.txt;0;0;0;0;0;0;0
35-state.txt;0;0;0;0;0;0;0
350-state.txt;0;0;0;0;0;0;0
351-East Lyen Islands.txt;0;0;0;0;0;0;0
352-state.txt;0;0;0;0;0;0;0
353-state.txt;0;0;0;0;0;0;0
354-state.txt;0;0;0;0;0;0;0
355-state.txt;0;0;0;0;0;0;0
356-state.txt;0;0;0;0;0;0;0
357-state.txt;0;0;0;0;0;0;15
358-state.txt;0;0;0;0;0;0;0
359-state.txt;0;0;0;0;0;0;0
36-state.txt;0;8;0;0;24;0;0
360-state.txt;0;0;0;0;0;0;0
361-state.txt;0;0;0;0;0;0;0
362-state.txt;0;0;0;0;0;0;0
363-state.txt;0;8;0;0;0;0;0
364-state.txt;0;0;0;0;0;0;0
365-state.txt;0;0;0;0;0;0;0
366-state.txt;0;0;0;0;0;0;0
367-state.txt;0;16;0;0;0;0;0
368-state.txt;0;0;0;0;0;0;5
369-state.txt;0;0;0;0;0;0;0
37-state.txt;0;0;0;0;0;0;0
370-state.txt;0;0;0;0;0;0;5
371-state.txt;0;0;50;0;0;0;0
372-state.txt;0;0;0;0;0;40;30
373-state.txt;0;0;0;0;0;0;40
374-state.txt;0;0;30;0;0;0;0
375-state.txt;0;0;0;0;12;0;50
376-state.txt;0;0;0;0;0;60;20
377-state.txt;0;0;45;0;0;0;0
378-state.txt;0;0;0;0;0;0;0
379-state.txt;0;0;0;0;0;0;0
38-state.txt;0;0;0;0;0;0;0
380-state.txt;0;0;0;0;0;0;0
381-state.txt;0;0;0;0;0;0;0
382-state.txt;0;0;0;0;0;0;0
383-state.txt;0;0;0;0;0;0;0
384-state.txt;0;0;0;0;0;0;0
385-state.txt;0;0;0;0;0;0;0
386-state.txt;0;0;6;0;0;0;0
387-state.txt;0;0;0;0;0;0;0
388-state.txt;0;0;0;0;0;0;0
389-state.txt;0;0;0;0;0;0;0
39-state.txt;0;0;0;0;0;0;0
390-state.txt;0;0;0;0;0;0;0
391-state.txt;0;0;0;0;4;0;0
392-state.txt;0;0;0;0;0;0;0
393-state.txt;0;0;0;0;0;0;0
394-state.txt;0;0;0;0;0;0;0
395-state.txt;0;0;0;0;12;0;0
396-state.txt;0;0;0;0;0;0;0
397-state.txt;0;0;0;0;0;0;0
398-state.txt;0;0;0;0;0;0;0
399-state.txt;8;0;0;0;0;0;0
4-state.txt;0;0;0;0;12;0;0
40-state.txt;0;0;0;0;10;0;0
400-state.txt;0;0;0;0;0;0;0
401-state.txt;0;0;0;0;0;0;0
402-state.txt;1;0;0;0;8;0;0
403-state.txt;0;0;0;0;0;0;0
404-state.txt;0;0;0;0;0;0;0
405-state.txt;0;0;0;0;0;0;0
406-state.txt;0;0;0;20;0;15;0
407-Nobilisurbs.txt;2;0;0;0;0;0;0
408-state.txt;0;0;0;0;0;0;0
409-state.txt;0;0;0;0;0;0;0
41-state.txt;0;0;0;0;0;0;0
410-state.txt;3;0;0;0;0;0;0
411-state.txt;0;0;0;0;0;0;0
412-state.txt;3;0;0;0;0;0;0
413-state.txt;0;0;0;0;0;0;0
414-state.txt;0;0;0;0;0;0;0
415-state.txt;0;0;0;0;0;0;0
416-state.txt;0;0;0;0;0;0;0
417-state.txt;0;0;0;0;0;0;0
418-state.txt;0;0;0;0;0;0;0
419-state.txt;25;0;0;0;12;0;0
42-state.txt;50;0;67;0;0;0;0
420-state.txt;0;0;0;12;0;0;0
421-state.txt;0;0;0;0;0;10;5
422-state.txt;0;0;0;0;8;0;0
423-state.txt;0;0;0;0;0;0;10
424-state.txt;0;0;0;0;0;0;0
425-Elven Forest.txt;0;0;0;0;4;0;2
426-state.txt;0;0;0;45;0;0;0
427-state.txt;0;0;0;0;0;17;0
428-state.txt;0;0;0;0;0;0;0
429-state.txt;0;0;0;20;0;0;0
43-state.txt;0;0;0;0;0;0;0
430-state.txt;0;0;0;0;0;0;0
431-state.txt;0;0;0;0;0;0;0
432-state.txt;0;0;0;0;0;0;0
433-state.txt;0;0;0;0;0;0;0
434-state.txt;0;0;0;0;0;0;0
435-state.txt;0;0;0;0;0;0;0
436-state.txt;0;0;0;0;0;0;0
437-state.txt;0;8;0;0;6;0;0
438-state.txt;0;0;0;0;0;0;0
439-state.txt;0;0;0;0;0;0;0
44-state.txt;0;0;0;0;0;0;0
440-state.txt;0;0;0;0;0;0;0
441-state.txt;0;0;0;0;0;0;0
442-state.txt;0;0;0;0;24;0;0
443-state.txt;0;12;0;0;0;0;6
444-state.txt;0;0;0;15;0;0;30
445-South Aquilonoas.txt;0;0;0;0;0;0;7
446-Potentoas Islands.txt;0;0;0;0;0;0;0
447-state.txt;0;0;0;0;0;0;0
448-state.txt;0;0;0;0;6;0;0
449-state.txt;0;0;0;0;0;0;0
45-state.txt;0;0;0;0;0;0;0
450-state.txt;0;0;0;15;0;0;0
451-state.txt;0;0;0;0;0;0;0
452-state.txt;0;0;0;0;0;0;0
453-state.txt;0;0;0;0;0;0;100
454-state.txt;0;0;0;0;0;0;200
455-state.txt;0;0;0;0;0;0;0
456-state.txt;0;0;0;0;0;0;0
457-state.txt;0;0;0;0;0;0;0
458-state.txt;3;0;0;0;0;0;0
459-state.txt;0;0;0;0;0;0;0
46-state.txt;0;8;0;0;12;0;0
460-state.txt;0;0;0;0;0;0;0
461-state.txt;0;0;0;0;0;10;0
462-state.txt;0;0;0;0;18;0;0
463-state.txt;0;0;0;0;0;0;0
464-state.txt;0;0;0;0;8;0;0
465-state.txt;0;0;0;0;0;0;0
466-state.txt;0;0;0;0;0;0;0
467-state.txt;0;0;0;0;98;23;11
468-state.txt;0;0;0;0;0;0;0
469-state.txt;0;0;0;0;0;0;0
47-state.txt;35;0;0;0;0;0;0
470-state.txt;0;0;0;0;0;0;0
471-state.txt;5;0;0;0;0;0;0
472-state.txt;8;0;0;0;0;0;0
473-state.txt;3;0;0;0;0;0;20
474-state.txt;0;0;0;0;13;13;0
475-state.txt;10;0;0;0;18;16;0
476-state.txt;0;0;0;0;0;0;10
477-state.txt;0;0;0;0;0;0;15
478-state.txt;0;0;0;0;0;0;0
479-state.txt;10;0;0;0;0;0;0
48-state.txt;0;0;0;0;0;0;0
480-state.txt;8;0;0;0;0;0;0
481-state.txt;0;0;0;0;26;0;0
482-state.txt;0;0;0;0;15;0;0
483-state.txt;0;0;0;10;15;0;0
484-state.txt;0;0;0;15;23;0;0
485-state.txt;0;0;0;0;20;0;18
486-state.txt;0;23;0;0;0;0;0
487-state.txt;0;0;0;0;0;3;9
488-state.txt;0;13;0;0;36;0;0
489-state.txt;0;0;0;0;0;0;0
49-state.txt;0;0;0;0;0;0;0
490-state.txt;0;0;0;0;0;0;0
491-state.txt;0;10;0;0;0;0;15
492-state.txt;0;18;0;0;0;0;40
493-state.txt;0;0;0;0;0;0;0
494-state.txt;19;0;0;0;0;0;0
495-state.txt;0;0;0;0;18;4;0
496-state.txt;0;18;0;0;0;5;0
497-state.txt;0;0;0;0;0;0;0
498-state.txt;0;0;0;0;0;0;0
499-state.txt;0;0;0;0;0;0;0
5-Deitammaculortum.txt;0;0;0;0;36;0;0
50-state.txt;0;0;0;0;0;0;0
500-state.txt;0;0;0;0;0;0;0
501-state.txt;0;0;0;10;0;0;40
502-state.txt;1;0;0;0;0;0;0
503-state.txt;0;0;0;0;0;0;0
504-state.txt;0;0;0;25;0;0;0
505-state.txt;0;0;0;0;0;0;0
506-state.txt;0;0;0;0;0;15;0
507-state.txt;0;0;0;0;0;0;0
508-state.txt;0;0;0;0;0;0;0
509-state.txt;0;0;0;10;0;5;0
51-state.txt;0;0;0;0;0;0;0
510-state.txt;0;0;0;0;0;0;0
511-state.txt;1;0;0;5;0;0;0
512-state.txt;0;0;0;0;8;0;0
513-state.txt;0;0;0;4;0;10;0
514-state.txt;0;0;0;0;0;0;0
515-state.txt;0;0;0;45;0;0;0
516-state.txt;0;0;0;25;0;0;0
517-state.txt;0;0;0;0;0;0;0
518-state.txt;0;0;0;0;0;0;0
519-state.txt;0;0;0;0;0;0;0
52-state.txt;0;0;0;0;0;0;0
520-state.txt;0;0;0;0;0;0;0
521-state.txt;0;0;0;0;0;0;0
522-state.txt;0;0;0;0;0;0;0
523-state.txt;0;0;0;0;0;0;0
524-state.txt;0;0;0;0;0;0;0
525-state.txt;0;0;0;0;0;0;0
526-state.txt;0;0;0;0;0;0;0
527-state.txt;0;0;0;0;0;0;0
528-state.txt;0;0;0;0;0;0;0
529-state.txt;0;0;0;0;0;0;0
53-state.txt;0;0;0;0;36;0;0
530-state.txt;0;0;0;0;0;0;0
531-state.txt;0;0;0;0;0;0;0
532-state.txt;0;0;0;0;0;0;0
533-state.txt;0;0;0;30;23;0;0
534-state.txt;0;0;0;0;6;0;0
535-state.txt;3;0;0;0;0;0;0
536-state.txt;0;0;0;0;0;0;0
537-state.txt;0;0;0;0;0;0;0
538-state.txt;5;0;0;0;0;0;0
539-state.txt;5;0;0;0;0;0;0
54-state.txt;0;0;0;0;0;0;0
540-state.txt;0;10;0;0;0;0;0
541-state.txt;0;10;0;0;0;0;0
542-state.txt;0;0;0;0;0;0;0
543-state.txt;0;0;0;0;0;0;0
544-state.txt;0;0;0;0;0;0;0
545-state.txt;0;0;0;0;0;0;0
546-state.txt;0;0;0;0;0;0;0
547-state.txt;0;10;0;0;0;0;0
548-state.txt;0;0;0;0;0;0;0
549-state.txt;0;10;0;0;0;0;0
55-state.txt;0;0;0;0;0;0;0
550-state.txt;0;0;0;0;0;0;0
551-state.txt;0;0;0;0;0;0;0
552-state.txt;0;0;0;0;0;0;0
553-state.txt;0;0;0;0;0;0;0
554-state.txt;0;0;0;0;0;0;0
555-state.txt;0;0;0;0;0;0;0
556-state.txt;0;0;0;0;0;0;0
557-state.txt;0;0;0;0;0;0;0
558-state.txt;0;0;0;0;0;0;0
559-state.txt;0;0;0;0;0;0;0
56-state.txt;0;0;0;0;0;0;0
560-state.txt;0;0;0;0;0;0;0
561-state.txt;0;0;0;0;0;0;0
562-state.txt;0;0;0;0;0;0;0
563-state.txt;0;0;0;0;0;0;0
564-state.txt;0;0;0;0;0;0;0
565-state.txt;0;0;0;0;0;0;0
566-state.txt;0;0;0;0;0;0;0
567-state.txt;0;0;0;0;0;0;0
568-state.txt;0;0;0;0;0;0;0
569-state.txt;0;0;0;0;0;0;4
57-state.txt;50;0;20;0;0;0;0
570-state.txt;0;0;0;0;0;0;0
571-state.txt;0;0;0;0;0;0;2
572-state.txt;0;0;0;0;0;0;0
573-state.txt;0;0;0;5;0;19;0
574-state.txt;0;0;0;0;0;0;0
575-state.txt;0;0;0;0;0;0;0
576-state.txt;0;0;0;0;12;22;0
577-state.txt;0;0;0;0;0;0;0
578-state.txt;0;0;0;10;0;0;0
579-state.txt;0;0;0;0;0;0;0
58-state.txt;0;0;0;0;36;0;80
580-state.txt;0;0;0;0;0;0;0
581-state.txt;0;0;0;0;0;0;0
582-state.txt;0;0;0;0;0;0;0
583-state.txt;0;0;0;0;0;0;0
584-state.txt;0;0;0;0;0;0;0
585-state.txt;0;0;0;0;0;0;0
586-state.txt;0;0;0;0;0;0;0
587-state.txt;0;0;0;0;0;0;29
588-state.txt;0;0;0;0;4;0;0
589-state.txt;0;12;0;0;9;0;30
59-state.txt;0;0;0;0;0;0;0
590-state.txt;0;0;0;0;0;0;0
591-state.txt;0;0;0;0;0;0;0
592-state.txt;0;0;0;0;18;0;0
593-state.txt;18;0;0;0;0;0;0
594-state.txt;0;0;0;36;0;0;0
595-state.txt;0;0;0;24;0;0;0
596-state.txt;0;0;0;0;0;0;0
597-state.txt;0;0;0;0;9;0;0
598-state.txt;0;0;0;0;0;0;0
599-state.txt;0;0;0;11;4;0;0
6-state.txt;0;0;0;0;0;0;0
60-state.txt;0;0;0;0;0;0;0
600-state.txt;0;18;0;0;0;0;0
601-state.txt;0;12;0;0;57;0;40
602-state.txt;0;14;0;0;0;5;0
603-state.txt;0;0;0;0;40;7;0
604-state.txt;0;0;0;0;38;7;0
605-state.txt;0;0;0;0;0;0;0
606-state.txt;0;0;0;0;0;0;0
607-state.txt;0;0;0;0;0;0;0
608-state.txt;0;0;0;0;38;0;0
609-state.txt;5;0;0;0;0;0;0
61-state.txt;0;0;0;0;0;0;0
610-state.txt;5;0;0;0;0;0;0
611-state.txt;0;0;0;0;0;0;0
612-state.txt;0;0;0;0;0;0;0
613-state.txt;0;0;0;0;0;0;0
614-state.txt;0;0;0;0;0;0;0
615-state.txt;0;0;0;0;0;0;0
616-North Island.txt;0;0;0;0;0;0;0
617-state.txt;0;0;0;0;0;0;0
618-state.txt;0;0;0;0;0;0;0
619-state.txt;0;0;0;0;0;0;0
62-state.txt;0;0;0;0;0;0;0
620-state.txt;0;0;0;0;0;0;0
621-state.txt;0;0;0;0;0;0;0
622-state.txt;0;0;0;0;0;0;0
623-state.txt;0;0;0;0;0;0;0
624-state.txt;0;3;0;0;1;0;6
625-state.txt;0;0;0;0;0;0;3
626-state.txt;0;0;0;12;0;18;7
627-state.txt;0;0;0;0;0;0;0
628-state.txt;0;0;0;0;0;0;0
629-state.txt;0;0;0;0;0;0;2
63-state.txt;0;0;0;0;0;0;0
630-state.txt;0;0;0;0;0;0;0
631-state.txt;0;0;0;0;0;17;0
632-state.txt;0;0;0;0;0;26;0
633-state.txt;0;0;0;0;0;0;0
634-state.txt;0;0;0;0;0;0;0
635-state.txt;0;0;0;0;0;0;0
636-state.txt;0;0;0;0;6;0;2
637-state.txt;0;0;0;0;0;0;0
638-state.txt;0;0;0;0;0;0;0
639-state.txt;2;0;0;0;0;0;0
64-state.txt;0;0;0;0;0;0;0
640-state.txt;0;0;0;0;0;0;0
641-state.txt;0;0;0;0;24;0;0
642-state.txt;5;4;0;0;0;0;0
643-state.txt;0;0;0;0;12;0;0
644-state.txt;0;0;0;0;0;0;0
645-state.txt;0;0;0;0;0;0;0
646-state.txt;0;0;0;0;8;0;0
647-state.txt;0;0;0;0;0;0;0
648-state.txt;0;0;0;0;0;0;36
649-state.txt;50;0;0;0;0;0;0
65-state.txt;0;0;0;0;0;0;0
650-state.txt;25;0;0;0;0;0;0
651-state.txt;0;0;0;0;0;0;0
652-state.txt;0;0;0;0;0;0;0
653-state.txt;0;0;0;0;0;0;0
654-state.txt;0;0;0;0;0;0;0
655-state.txt;0;0;0;0;0;0;0
656-state.txt;0;0;0;0;0;0;0
657-state.txt;0;0;0;0;0;0;0
658-state.txt;0;0;0;0;0;0;0
659-state.txt;0;0;0;0;0;0;0
66-state.txt;0;0;0;0;0;0;0
660-state.txt;0;0;0;8;12;8;0
661-state.txt;0;0;0;0;0;0;0
662-state.txt;0;0;0;4;0;5;0
663-West Lyen Islands.txt;0;0;0;0;0;0;0
664-state.txt;0;0;0;0;0;0;0
665-state.txt;0;0;0;0;0;0;0
666-state.txt;0;0;0;0;0;0;0
667-state.txt;0;0;0;26;0;0;0
668-state.txt;0;0;0;19;0;0;0
669-state.txt;0;0;0;0;0;0;0
67-state.txt;0;0;0;0;0;0;0
670-state.txt;0;0;0;0;0;0;0
671-state.txt;0;0;0;0;0;0;4
672-state.txt;0;0;0;0;0;0;0
673-state.txt;0;0;0;0;0;0;0
674-state.txt;0;0;0;0;0;0;0
675-state.txt;17;0;0;0;0;0;0
676-state.txt;17;0;0;0;0;0;0
677-state.txt;0;0;0;0;0;0;0
678-state.txt;25;0;0;0;0;0;0
679-state.txt;0;0;50;0;0;0;0
68-state.txt;0;0;0;0;0;0;0
680-state.txt;35;0;0;0;0;0;0
681-state.txt;0;0;0;0;0;0;0
682-state.txt;0;0;0;0;0;0;0
683-state.txt;0;0;0;0;0;0;0
684-state.txt;0;0;0;0;8;0;8
685-state.txt;0;0;0;0;5;0;6
686-state.txt;0;0;0;0;0;0;0
687-state.txt;0;8;0;0;0;0;0
688-state.txt;0;0;0;0;0;0;0
689-state.txt;0;0;0;0;0;0;1
69-state.txt;0;0;0;0;0;0;0
690-state.txt;0;0;0;0;0;0;0
691-state.txt;0;0;0;0;20;0;0
692-state.txt;0;0;0;21;0;25;0
693-state.txt;0;0;0;0;0;0;0
694-state.txt;0;0;0;0;4;0;0
695-state.txt;0;0;0;0;0;0;0
696-state.txt;0;0;0;0;0;0;0
697-state.txt;0;0;0;0;0;0;0
698-state.txt;0;0;0;0;0;0;0
699-state.txt;0;0;0;0;0;0;0
7-state.txt;0;0;0;0;24;0;0
70-state.txt;0;0;0;0;0;0;0
700-state.txt;0;0;0;0;0;0;0
701-state.txt;0;0;0;0;0;0;0
702-state.txt;0;0;0;0;0;0;0
703-state.txt;0;0;0;0;0;0;0
704-state.txt;0;0;0;0;0;0;0
705-state.txt;0;0;0;0;0;0;0
706-state.txt;0;0;0;0;12;0;0
707-state.txt;0;0;0;0;0;0;0
708-state.txt;0;0;0;9;0;15;0
709-state.txt;0;0;0;0;0;0;0
71-state.txt;0;0;0;0;0;0;18
710-state.txt;0;0;0;0;0;0;0
711-state.txt;0;0;0;0;0;0;0
712-state.txt;0;0;0;0;0;5;0
713-state.txt;0;0;0;0;0;0;0
714-state.txt;0;0;0;0;0;0;0
715-state.txt;0;0;0;0;0;0;0
716-state.txt;0;0;0;0;0;0;0
717-state.txt;0;0;0;0;0;0;0
718-state.txt;0;0;0;0;0;0;0
719-state.txt;0;0;0;0;0;0;0
72-state.txt;0;20;0;0;36;0;0
720-state.txt;0;12;0;0;6;0;0
721-state.txt;0;0;0;0;0;0;0
722-state.txt;0;0;0;0;0;20;0
723-state.txt;0;0;0;0;0;10;0
724-state.txt;0;0;0;0;0;0;0
725-state.txt;0;0;0;0;0;0;0
726-state.txt;0;0;0;0;0;0;0
727-state.txt;0;0;0;0;0;0;0
728-state.txt;0;0;0;0;0;0;0
729-state.txt;0;0;0;0;0;0;0
73-state.txt;0;10;2;30;0;0;0
730-state.txt;0;0;0;10;0;15;0
731-state.txt;0;0;0;0;0;0;0
732-state.txt;0;0;0;0;0;0;0
733-state.txt;0;0;0;0;0;0;0
734-state.txt;5;0;0;0;0;0;0
735-state.txt;0;0;0;9;0;15;0
736-state.txt;0;0;0;0;0;0;0
737-state.txt;0;0;0;0;0;0;0
738-state.txt;5;0;0;0;8;0;0
739-state.txt;0;0;0;0;0;0;0
74-state.txt;0;0;0;0;0;0;0
740-state.txt;0;0;0;0;0;0;0
741-state.txt;0;0;0;0;0;0;0
742-state.txt;0;0;0;0;0;0;0
743-state.txt;0;0;0;0;0;0;0
744-state.txt;0;0;0;0;0;0;3
745-state.txt;0;0;0;0;0;0;0
746-state.txt;0;0;0;0;0;0;0
747-state.txt;0;0;0;0;0;0;0
748-state.txt;0;0;7;0;0;0;0
749-state.txt;0;0;0;0;12;0;0
75-state.txt;0;8;0;0;6;0;0
750-state.txt;0;0;0;0;0;0;0
751-state.txt;0;0;0;0;0;0;0
752-state.txt;0;0;0;0;0;0;0
753-state.txt;0;0;0;0;0;0;0
754-state.txt;0;0;0;0;0;0;0
755-state.txt;0;0;0;0;0;0;0
756-state.txt;0;0;0;0;0;0;0
757-state.txt;0;0;0;0;0;0;0
758-state.txt;0;0;0;0;0;0;0
759-state.txt;0;0;0;4;0;7;0
76-state.txt;0;2;0;0;6;40;0
760-state.txt;0;0;0;0;0;0;0
761-state.txt;0;0;0;0;0;0;0
762-state.txt;0;0;0;0;0;0;0
763-state.txt;0;0;0;0;12;0;0
764-state.txt;0;0;0;0;12;0;0
765-state.txt;25;0;0;0;0;0;0
766-state.txt;25;0;0;0;12;0;0
767-state.txt;20;0;10;0;0;0;0
768-state.txt;20;0;10;0;0;0;0
769-state.txt;0;0;0;0;0;0;0
77-Ignis.txt;0;8;0;0;6;0;0
770-state.txt;0;0;0;0;0;0;0
771-state.txt;0;0;0;0;0;0;0
772-state.txt;0;0;0;0;0;0;65
773-state.txt;0;0;0;0;0;0;75
774-sate.txt;0;0;0;20;0;0;0
775-state.txt;15;0;0;0;0;0;0
776-state.txt;0;0;0;0;0;0;145
777-state.txt;0;0;0;0;0;0;0
778-state.txt;0;0;0;0;0;0;0
779-state.txt;15;0;0;0;0;0;0
78-Navis.txt;3;0;0;20;12;0;0
780-state.txt;15;0;0;0;0;0;0
781-state.txt;0;0;0;0;0;0;0
782-state.txt;0;0;0;0;36;65;0
783-state.txt;0;0;0;0;0;50;0
784-state.txt;0;0;0;0;0;50;0
785-state.txt;0;0;0;0;0;50;0
786-state.txt;0;0;0;0;0;0;0
787-state.txt;0;0;0;0;0;0;0
788-state.txt;0;0;0;0;6;0;0
789-state.txt;5;0;0;0;0;0;0
79-Regency of Nobilitas.txt;0;8;0;0;12;0;0
790-state.txt;0;0;0;15;0;25;0
791-state.txt;0;0;0;0;0;0;0
792-state.txt;0;0;0;0;0;0;0
793-state.txt;0;0;0;0;0;0;0
794-state.txt;0;0;5;0;0;0;0
795-state.txt;0;0;5;0;0;0;0
796-state.txt;0;0;0;0;0;0;0
797-state.txt;0;0;0;8;0;13;0
798-state.txt;0;0;0;0;0;0;0
799-state.txt;0;0;0;0;0;0;0
8-state.txt;0;0;0;0;0;0;0
80-state.txt;0;0;0;0;18;0;0
800-state.txt;0;0;0;0;0;0;0
801-state.txt;0;0;0;0;0;0;0
802-state.txt;0;0;0;0;0;0;0
803-state.txt;0;0;0;0;0;0;8
804-state.txt;0;0;0;0;0;0;0
805-state.txt;0;0;0;0;0;0;0
806-state.txt;0;0;0;5;10;0;0
807-state.txt;0;0;5;5;0;0;0
808-state.txt;0;0;0;0;0;0;0
809-state.txt;0;0;0;20;0;10;0
81-Regency of the Upper Didymus.txt;0;0;0;0;0;0;12
810-state.txt;0;0;0;0;0;5;0
811-state.txt;0;0;0;0;0;0;0
812-state.txt;0;0;0;0;0;0;0
813-state.txt;0;0;0;0;0;0;0
814-state.txt;0;0;0;0;0;0;0
815-state.txt;0;0;0;0;12;0;0
816-state.txt;0;0;0;0;0;0;0
817-state.txt;0;0;0;0;0;0;0
818-state.txt;0;0;0;0;0;0;0
819-state.txt;0;0;0;0;0;0;0
82-Regency of Fundus.txt;0;0;0;8;12;0;0
820-state.txt;0;0;0;0;0;0;0
821-state.txt;0;0;0;0;0;0;0
822-state.txt;0;0;0;0;0;0;0
823-state.txt;0;0;0;0;0;0;0
824-Path to the Valley.txt;0;0;0;0;0;0;0
825-state.txt;0;0;0;0;0;0;0
826-state.txt;0;0;0;0;0;0;0
827-state.txt;4;0;0;0;8;0;0
828-state.txt;0;0;0;0;12;0;0
829-state.txt;0;0;0;0;8;0;0
83-state.txt;0;0;0;0;0;0;0
830-state.txt;0;0;0;0;0;0;0
831-state.txt;0;0;0;0;0;0;0
832-state.txt;0;0;0;0;0;0;0
833-state.txt;0;0;0;0;0;0;0
834-state.txt;0;0;0;0;0;0;0
835-state.txt;1;0;0;0;0;0;0
836-state.txt;1;0;0;0;0;0;0
837-state.txt;0;0;0;0;0;0;0
838-state.txt;0;0;0;0;0;0;0
839-state.txt;0;0;0;0;0;0;0
84-state.txt;0;0;0;0;0;13;0
840-state.txt;0;0;0;0;0;0;0
841-state.txt;10;0;0;0;0;0;0
842-state.txt;0;0;0;0;0;0;0
843-state.txt;0;0;0;0;8;0;0
844-state.txt;0;0;0;0;0;0;0
845-state.txt;0;0;0;0;8;0;0
846-state.txt;3;6;0;0;12;0;0
847-state.txt;0;24;0;0;18;0;0
848-state.txt;0;6;0;0;0;0;0
849-state.txt;0;0;0;0;0;0;0
85-Hiems.txt;0;0;0;0;12;0;0
850-state.txt;0;0;0;0;0;0;20
851-state.txt;0;0;0;0;0;0;0
852-state.txt;0;0;0;0;15;0;0
853-state.txt;10;0;0;0;0;0;0
854-state.txt;0;0;0;0;0;0;0
855-state.txt;0;0;0;0;0;0;0
856-state.txt;0;0;0;0;0;0;0
857-state.txt;0;0;0;0;0;0;0
858-state.txt;0;0;0;0;0;0;0
859-state.txt;0;0;0;0;0;10;0
86-state.txt;0;0;0;0;0;35;0
860-state.txt;0;0;0;0;0;0;0
861-state.txt;0;0;0;0;15;0;0
862-state.txt;0;0;0;0;0;0;0
863-state.txt;0;0;0;0;10;0;0
864-state.txt;10;0;0;0;0;0;0
865-state.txt;0;0;0;0;0;0;0
866-state.txt;0;0;0;0;0;0;0
867-state.txt;0;0;0;0;0;0;0
868-state.txt;0;0;0;0;0;0;0
869-state.txt;0;0;0;0;0;0;0
87-state.txt;0;0;0;0;0;8;0
870-state.txt;0;0;0;0;0;0;0
871-state.txt;0;0;0;0;0;0;0
872-state.txt;0;0;0;0;0;0;0
873-state.txt;0;0;0;0;0;0;0
874-state.txt;0;0;15;0;0;0;0
875-state.txt;0;0;4;0;0;0;0
876-state.txt;0;0;0;0;4;0;0
877-state.txt;0;0;0;0;0;0;0
878-state.txt;0;0;0;3;6;0;0
879-state.txt;0;0;0;0;0;0;0
88-state.txt;0;0;0;0;0;0;0
880-state.txt;0;0;0;0;0;0;0
881-state.txt;0;0;0;0;0;0;0
882-state.txt;0;0;0;0;0;0;0
883-state.txt;0;0;0;0;0;0;0
884-state.txt;0;0;0;0;0;0;0
885-state.txt;0;0;0;0;0;0;0
886-state.txt;0;0;0;0;16;0;0
887-state.txt;0;0;0;0;0;0;0
888-state.txt;0;0;0;0;0;0;0
889-state.txt;0;0;0;0;0;0;0
89-state.txt;0;0;0;4;0;0;0
890-state.txt;0;0;0;0;0;0;0
891-state.txt;0;0;0;0;0;0;0
892-state.txt;0;0;0;0;0;0;0
893-state.txt;0;0;0;0;0;0;0
894-state.txt;0;0;0;0;0;0;0
895-state.txt;0;0;0;0;16;0;24
896-state.txt;0;0;0;0;0;0;0
897-state.txt;0;0;0;0;0;0;0
898-state.txt;0;0;0;0;0;0;0
899-state.txt;0;0;0;0;0;0;0
9-state.txt;0;0;7;0;5;0;0
90-state.txt;0;0;0;0;0;0;0
900-state.txt;0;0;0;0;0;0;0
901-state.txt;0;0;0;0;0;0;0
902-state.txt;0;0;0;0;0;0;0
903-state.txt;0;0;0;0;0;0;0
904-state.txt;0;0;0;0;0;0;0
905-state.txt;0;0;0;0;0;0;0
906-state.txt;0;0;0;0;0;0;0
907-state.txt;0;0;0;0;0;0;10
908-state.txt;0;0;0;0;0;0;0
909-state.txt;0;0;0;0;0;0;0
91-state.txt;0;0;0;0;0;0;9
910-state.txt;0;0;0;0;0;0;0
911-state.txt;0;0;0;0;0;0;0
912-state.txt;0;0;0;0;0;0;0
913-state.txt;0;0;0;0;0;0;0
914-state.txt;0;0;0;0;0;0;0
915-state.txt;8;0;0;0;0;0;0
916-state.txt;0;0;0;0;0;0;0
917-state.txt;0;0;0;0;0;0;0
918-state.txt;0;5;0;0;0;0;0
919-state.txt;0;0;0;0;0;0;0
92-state.txt;9;0;4;0;4;0;0
920-state.txt;0;0;0;0;0;0;0
921-state.txt;0;0;0;0;0;0;0
922-state.txt;0;0;0;0;0;0;0
923-state.txt;0;0;0;0;0;0;0
924-state.txt;0;0;0;0;0;0;0
925-state.txt;0;0;0;0;0;0;0
926-state.txt;0;0;0;0;0;0;0
927-state.txt;0;0;0;0;0;0;0
928-state.txt;0;0;0;0;0;0;0
929-state.txt;0;0;0;0;0;0;0
93-state.txt;0;0;0;0;0;0;0
930-state.txt;0;0;0;0;0;0;0
931-state.txt;0;0;0;0;0;0;0
932-state.txt;0;0;0;0;0;0;0
933-state.txt;0;0;0;0;0;0;0
934-state.txt;0;0;0;0;0;0;0
935-state.txt;0;0;0;0;0;0;0
936-state.txt;0;0;0;0;0;0;0
937-state.txt;0;0;0;0;0;0;0
938-state.txt;0;0;0;0;0;0;0
939-state.txt;0;0;0;0;0;0;0
94-state.txt;0;8;0;0;36;0;0
940-state.txt;0;0;0;0;0;0;0
941-state.txt;0;0;0;0;0;0;0
942-state.txt;0;0;0;0;0;0;0
943-state.txt;0;0;0;0;0;0;0
944-state.txt;0;0;0;0;0;0;0
945-state.txt;0;0;0;0;0;0;0
946-state.txt;0;0;0;0;0;0;0
947-state.txt;0;0;0;0;0;0;0
948-state.txt;0;0;0;0;0;0;0
949-state.txt;0;0;0;0;0;0;0
95-state.txt;0;0;0;0;6;0;12
950-state.txt;0;0;0;0;0;0;0
951-state.txt;0;0;0;0;0;0;0
952-state.txt;0;0;0;0;0;0;0
953-state.txt;0;0;0;0;0;0;0
954-state.txt;0;0;0;0;0;0;0
955-state.txt;0;0;0;0;0;0;0
956-state.txt;0;0;0;0;0;0;0
957-state.txt;0;0;0;0;0;0;0
958-state.txt;0;8;0;0;0;0;0
959-state.txt;0;12;0;0;0;0;0
96-state.txt;0;0;0;0;0;10;0
960-state.txt;0;0;0;0;0;0;0
961-state.txt;0;0;0;5;8;0;0
962-state.txt;0;0;0;0;0;0;0
963-state.txt;0;0;0;0;0;0;0
964-state.txt;0;0;0;0;13;0;0
965-state.txt;0;0;0;0;12;23;0
966-state.txt;0;0;0;0;23;0;0
967-state.txt;0;0;0;0;0;0;0
968-state.txt;0;0;0;0;0;0;0
969-state.txt;0;0;0;0;0;0;0
97-Grand Canal.txt;0;0;0;0;0;0;0
970-state.txt;0;0;0;0;0;0;0
971-state.txt;0;0;0;0;0;0;0
972-state.txt;0;0;0;0;0;0;0
973-state.txt;0;0;0;0;0;0;0
974-state.txt;0;0;0;0;0;0;0
975-state.txt;0;0;0;0;0;0;0
976-state.txt;0;0;0;0;0;0;0
977-state.txt;0;0;0;0;0;0;0
978-state.txt;0;0;0;0;0;0;0
979-state.txt;0;0;0;0;0;0;0
98-state.txt;0;0;0;0;0;0;0
980-state.txt;0;0;0;0;0;0;0
981-state.txt;5;0;0;0;0;0;0
982-state.txt;3;0;0;0;0;0;5
983-state.txt;0;0;0;0;0;0;0
984-state.txt;0;0;0;0;0;0;0
985-state.txt;0;0;0;0;0;0;0
986-state.txt;0;0;0;0;0;0;0
987-state.txt;0;0;0;15;0;0;0
988-state.txt;0;0;0;0;0;0;0
989-state.txt;0;0;0;8;0;0;0
99-state.txt;0;0;0;0;0;0;0
990-state.txt;0;0;0;5;0;0;0
991-state.txt;0;0;0;0;0;0;0
992-state.txt;0;0;0;0;0;0;0
993-state.txt;0;0;0;0;0;0;0
994-Matriarchs Barrier.txt;0;0;0;0;0;0;0
995-state.txt;0;0;0;0;0;0;0
996-state.txt;0;0;0;0;0;0;0
997-state.txt;0;0;0;0;0;0;0
998-state.txt;0;0;0;0;0;0;0
999-state.txt;0;0;0;0;0;0;0
